DECLARE
    systemId Systemuser.ID%type;
BEGIN
    INSERT INTO SYSTEMUSER(EMAIL, PASSWORD)
    VALUES ('system@system.sys', 'qwerty123')
    returning ID into systemId;

    INSERT INTO EXPLORATION(ID) VALUES (1);
    COMMIT;

    INSERT INTO PRODUCT(ID, NAME, TYPE,PRICE) VALUES (1, 'Carrot', 'TEMPORARY',1);
    INSERT INTO PRODUCT(ID, NAME, TYPE,PRICE) VALUES (2, 'Apple', 'PERMANENT',.80);
    INSERT INTO PRODUCT(ID, NAME, TYPE,PRICE) VALUES (3, 'Honey', 'TEMPORARY',3);
    INSERT INTO PRODUCT(ID, NAME, TYPE,PRICE) VALUES (4, 'Pears', 'PERMANENT',.75);
    COMMIT;
    INSERT INTO SECTOR(ID, DESIGNATION, AREA, EXPLORATION, CULTUREPLAN, PRODUCT)
    VALUES (1, 'Carrot Filed', 1500, 1, 0, 1);
    INSERT INTO SECTOR(ID, DESIGNATION, AREA, EXPLORATION, CULTUREPLAN, PRODUCT)
    VALUES (2, 'Apple Filed', 150000, 1, 0, 2);
    INSERT INTO SECTOR(ID, DESIGNATION, AREA, EXPLORATION, CULTUREPLAN, PRODUCT) VALUES (3, 'Beehive', 15, 1, 0, 3);
    INSERT INTO SECTOR(ID, DESIGNATION, AREA, EXPLORATION, CULTUREPLAN, PRODUCT)
    VALUES (4, 'Pears Field', 10200, 1, 0, 4);
    COMMIT;
    INSERT INTO HARVEST(DATEOFHARVEST, SECTOR, NUMBEROFUNITS) VALUES (SYSDATE, 1, 100);
    INSERT INTO HARVEST(DATEOFHARVEST, SECTOR, NUMBEROFUNITS) VALUES (TO_DATE('8/10/2022', 'DD/MM/YYYY'), 1, 8);
    INSERT INTO HARVEST(DATEOFHARVEST, SECTOR, NUMBEROFUNITS) VALUES (TO_DATE('10/10/2022', 'DD/MM/YYYY'), 1, 30);
    INSERT INTO HARVEST(DATEOFHARVEST, SECTOR, NUMBEROFUNITS) VALUES (TO_DATE('9/10/2022', 'DD/MM/YYYY'), 1, 87);
    COMMIT;
    INSERT INTO HARVEST(DATEOFHARVEST, SECTOR, NUMBEROFUNITS) VALUES (SYSDATE, 2, 1000);
    INSERT INTO HARVEST(DATEOFHARVEST, SECTOR, NUMBEROFUNITS) VALUES (TO_DATE('8/10/2022', 'DD/MM/YYYY'), 2, 80);
    INSERT INTO HARVEST(DATEOFHARVEST, SECTOR, NUMBEROFUNITS) VALUES (TO_DATE('10/10/2022', 'DD/MM/YYYY'), 2, 300);
    INSERT INTO HARVEST(DATEOFHARVEST, SECTOR, NUMBEROFUNITS) VALUES (TO_DATE('9/10/2022', 'DD/MM/YYYY'), 2, 870);
    COMMIT;
    INSERT INTO HARVEST(DATEOFHARVEST, SECTOR, NUMBEROFUNITS) VALUES (SYSDATE, 3, 100);
    INSERT INTO HARVEST(DATEOFHARVEST, SECTOR, NUMBEROFUNITS) VALUES (TO_DATE('8/10/2022', 'DD/MM/YYYY'), 3, 8);
    INSERT INTO HARVEST(DATEOFHARVEST, SECTOR, NUMBEROFUNITS) VALUES (TO_DATE('10/10/2022', 'DD/MM/YYYY'), 3, 200);
    INSERT INTO HARVEST(DATEOFHARVEST, SECTOR, NUMBEROFUNITS) VALUES (TO_DATE('9/10/2022', 'DD/MM/YYYY'), 3, 87);
    COMMIT;
    INSERT INTO HARVEST(DATEOFHARVEST, SECTOR, NUMBEROFUNITS) VALUES (SYSDATE, 4, 150);
    INSERT INTO HARVEST(DATEOFHARVEST, SECTOR, NUMBEROFUNITS) VALUES (TO_DATE('8/10/2022', 'DD/MM/YYYY'), 4, 86);
    INSERT INTO HARVEST(DATEOFHARVEST, SECTOR, NUMBEROFUNITS) VALUES (TO_DATE('10/10/2022', 'DD/MM/YYYY'), 4, 2);
    INSERT INTO HARVEST(DATEOFHARVEST, SECTOR, NUMBEROFUNITS) VALUES (TO_DATE('9/10/2022', 'DD/MM/YYYY'), 4, 0);
end;



DECLARE
    val NUMBER;
BEGIN
    DBMS_OUTPUT.PUT_LINE('Data Report:');
    FOR I IN (SELECT TABLE_NAME FROM USER_TABLES)
        LOOP
            EXECUTE IMMEDIATE 'SELECT count(*) FROM ' || i.table_name INTO val;
            DBMS_OUTPUT.PUT_LINE(i.table_name || ' ==> ' || val);
        END LOOP;
END;