INSERT INTO SYSTEMUSER(ID,EMAIL, PASSWORD)
VALUES (0,'system@system.sys', 'qwerty123');

INSERT INTO EXPLORATION(ID) VALUES(1);

INSERT INTO PRODUCT(ID,NAME, TYPE) VALUES(1,'Carrot','TEMPORARY');
INSERT INTO PRODUCT(ID,NAME, TYPE) VALUES(2,'Apple','PERMANENT');
INSERT INTO PRODUCT(ID,NAME, TYPE) VALUES(3,'Honey', 'TEMPORARY');
INSERT INTO PRODUCT(ID,NAME, TYPE) VALUES(4,'Pears','PERMANENT');

INSERT INTO SECTOR(ID,DESIGNATION, AREA, EXPLORATION, CULTUREPLAN, PRODUCT) VALUES(1,'Carrot Filed',1500,1,0,1);
INSERT INTO SECTOR(ID,DESIGNATION, AREA, EXPLORATION, CULTUREPLAN, PRODUCT) VALUES(2,'Apple Filed',150000,1,0,2);
INSERT INTO SECTOR(ID,DESIGNATION, AREA, EXPLORATION, CULTUREPLAN, PRODUCT) VALUES(3,'Beehive',15,1,0,3);
INSERT INTO SECTOR(ID, DESIGNATION, AREA, EXPLORATION,  CULTUREPLAN, PRODUCT) VALUES(4,'Pears Field',10200,1,0,4);

INSERT INTO HARVEST(DATEOFHARVEST, SECTOR, NUMBEROFUNITS) VALUES(SYSDATE,1,100);
INSERT INTO HARVEST(DATEOFHARVEST, SECTOR, NUMBEROFUNITS) VALUES(TO_DATE('8/10/2022','DD/MM/YYYY'),1,8);
INSERT INTO HARVEST(DATEOFHARVEST, SECTOR, NUMBEROFUNITS) VALUES(TO_DATE('10/10/2022','DD/MM/YYYY'),1,30);
INSERT INTO HARVEST(DATEOFHARVEST, SECTOR, NUMBEROFUNITS) VALUES(TO_DATE('9/10/2022','DD/MM/YYYY'),1,87);

INSERT INTO HARVEST(DATEOFHARVEST, SECTOR, NUMBEROFUNITS) VALUES(SYSDATE,2,1000);
INSERT INTO HARVEST(DATEOFHARVEST, SECTOR, NUMBEROFUNITS) VALUES(TO_DATE('8/10/2022','DD/MM/YYYY'),2,80);
INSERT INTO HARVEST(DATEOFHARVEST, SECTOR, NUMBEROFUNITS) VALUES(TO_DATE('10/10/2022','DD/MM/YYYY'),2,300);
INSERT INTO HARVEST(DATEOFHARVEST, SECTOR, NUMBEROFUNITS) VALUES(TO_DATE('9/10/2022','DD/MM/YYYY'),2,870);

INSERT INTO HARVEST(DATEOFHARVEST, SECTOR, NUMBEROFUNITS) VALUES(SYSDATE,3,100);
INSERT INTO HARVEST(DATEOFHARVEST, SECTOR, NUMBEROFUNITS) VALUES(TO_DATE('8/10/2022','DD/MM/YYYY'),3,8);
INSERT INTO HARVEST(DATEOFHARVEST, SECTOR, NUMBEROFUNITS) VALUES(TO_DATE('10/10/2022','DD/MM/YYYY'),3,200);
INSERT INTO HARVEST(DATEOFHARVEST, SECTOR, NUMBEROFUNITS) VALUES(TO_DATE('9/10/2022','DD/MM/YYYY'),3,87);

INSERT INTO HARVEST(DATEOFHARVEST, SECTOR, NUMBEROFUNITS) VALUES(SYSDATE,4,150);
INSERT INTO HARVEST(DATEOFHARVEST, SECTOR, NUMBEROFUNITS) VALUES(TO_DATE('8/10/2022','DD/MM/YYYY'),4,86);
INSERT INTO HARVEST(DATEOFHARVEST, SECTOR, NUMBEROFUNITS) VALUES(TO_DATE('10/10/2022','DD/MM/YYYY'),4,2);
INSERT INTO HARVEST(DATEOFHARVEST, SECTOR, NUMBEROFUNITS) VALUES(TO_DATE('9/10/2022','DD/MM/YYYY'),4,0);






DECLARE
    val NUMBER;
BEGIN
    DBMS_OUTPUT.PUT_LINE('Data Report:');
    FOR I IN (SELECT TABLE_NAME FROM USER_TABLES)
        LOOP
            EXECUTE IMMEDIATE 'SELECT count(*) FROM ' || i.table_name INTO val;
            DBMS_OUTPUT.PUT_LINE(i.table_name || ' ==> ' || val);
        END LOOP;
END;